{"type":"FeatureCollection", "features": [
{"type":"Feature","geometry":{"type":"Point","coordinates":[-96.86568,19.506802]},"properties":{"id":"13905948","routeId":"13905947","sequence":0,"travelTime":147456457,"dwellTime":14,"arrivalTim":4,"departureT":6,"passengerA":147456457,"passengerB":147456458}},
{"type":"Feature","geometry":{"type":"Point","coordinates":[-96.86386,19.506218]},"properties":{"id":"13905950","routeId":"13905947","sequence":1,"travelTime":85,"dwellTime":5,"arrivalTim":1,"departureT":0,"passengerA":147456467,"passengerB":147456467}},
{"type":"Feature","geometry":{"type":"Point","coordinates":[-96.85755,19.498976]},"properties":{"id":"13905952","routeId":"13905947","sequence":2,"travelTime":157,"dwellTime":1,"arrivalTim":0,"departureT":0,"passengerA":147456483,"passengerB":147456483}},
{"type":"Feature","geometry":{"type":"Point","coordinates":[-96.85152,19.494862]},"properties":{"id":"13905954","routeId":"13905947","sequence":3,"travelTime":235,"dwellTime":2,"arrivalTim":1,"departureT":0,"passengerA":147456507,"passengerB":147456507}},
{"type":"Feature","geometry":{"type":"Point","coordinates":[-96.851456,19.494675]},"properties":{"id":"13905956","routeId":"13905947","sequence":4,"travelTime":93,"dwellTime":0,"arrivalTim":0,"departureT":1,"passengerA":147456516,"passengerB":147456516}},
{"type":"Feature","geometry":{"type":"Point","coordinates":[-96.85234,19.496767]},"properties":{"id":"13905958","routeId":"13905947","sequence":5,"travelTime":132,"dwellTime":36,"arrivalTim":0,"departureT":5,"passengerA":147456529,"passengerB":147456533}},
{"type":"Feature","geometry":{"type":"Point","coordinates":[-96.85599,19.498213]},"properties":{"id":"13905960","routeId":"13905947","sequence":6,"travelTime":94,"dwellTime":11,"arrivalTim":0,"departureT":1,"passengerA":147456542,"passengerB":147456543}},
{"type":"Feature","geometry":{"type":"Point","coordinates":[-96.8602,19.500376]},"properties":{"id":"13905962","routeId":"13905947","sequence":7,"travelTime":62,"dwellTime":3,"arrivalTim":0,"departureT":0,"passengerA":147456550,"passengerB":147456550}},
{"type":"Feature","geometry":{"type":"Point","coordinates":[-96.86061,19.501186]},"properties":{"id":"13905964","routeId":"13905947","sequence":8,"travelTime":29,"dwellTime":14,"arrivalTim":0,"departureT":1,"passengerA":147456553,"passengerB":147456554}},
{"type":"Feature","geometry":{"type":"Point","coordinates":[-96.874504,19.512321]},"properties":{"id":"13905966","routeId":"13905947","sequence":9,"travelTime":286,"dwellTime":20,"arrivalTim":1,"departureT":0,"passengerA":147456583,"passengerB":147456585}},
{"type":"Feature","geometry":{"type":"Point","coordinates":[-96.87548,19.513554]},"properties":{"id":"13905968","routeId":"13905947","sequence":10,"travelTime":115,"dwellTime":7,"arrivalTim":0,"departureT":1,"passengerA":147456596,"passengerB":147456597}},
{"type":"Feature","geometry":{"type":"Point","coordinates":[-96.88242,19.518547]},"properties":{"id":"13905970","routeId":"13905947","sequence":11,"travelTime":123,"dwellTime":5,"arrivalTim":1,"departureT":0,"passengerA":147456609,"passengerB":147456610}},
{"type":"Feature","geometry":{"type":"Point","coordinates":[-96.885,19.520454]},"properties":{"id":"13905972","routeId":"13905947","sequence":12,"travelTime":83,"dwellTime":1,"arrivalTim":0,"departureT":1,"passengerA":147456618,"passengerB":147456618}},
{"type":"Feature","geometry":{"type":"Point","coordinates":[-96.890686,19.52178]},"properties":{"id":"13905974","routeId":"13905947","sequence":13,"travelTime":55,"dwellTime":1,"arrivalTim":0,"departureT":0,"passengerA":147456624,"passengerB":147456624}},
{"type":"Feature","geometry":{"type":"Point","coordinates":[-96.89425,19.522482]},"properties":{"id":"13905976","routeId":"13905947","sequence":14,"travelTime":36,"dwellTime":2,"arrivalTim":0,"departureT":0,"passengerA":147456627,"passengerB":147456628}},
{"type":"Feature","geometry":{"type":"Point","coordinates":[-96.899734,19.529259]},"properties":{"id":"13905978","routeId":"13905947","sequence":15,"travelTime":87,"dwellTime":3,"arrivalTim":0,"departureT":0,"passengerA":147456636,"passengerB":147456637}},
{"type":"Feature","geometry":{"type":"Point","coordinates":[-96.9052,19.532385]},"properties":{"id":"13905980","routeId":"13905947","sequence":16,"travelTime":178,"dwellTime":1,"arrivalTim":1,"departureT":2,"passengerA":147456654,"passengerB":147456654}},
{"type":"Feature","geometry":{"type":"Point","coordinates":[-96.9062,19.532932]},"properties":{"id":"13905982","routeId":"13905947","sequence":17,"travelTime":35,"dwellTime":7,"arrivalTim":2,"departureT":0,"passengerA":147456658,"passengerB":147456659}},
{"type":"Feature","geometry":{"type":"Point","coordinates":[-96.90782,19.539137]},"properties":{"id":"13905984","routeId":"13905947","sequence":18,"travelTime":226,"dwellTime":1,"arrivalTim":0,"departureT":0,"passengerA":147456681,"passengerB":147456681}},
{"type":"Feature","geometry":{"type":"Point","coordinates":[-96.90861,19.54247]},"properties":{"id":"13905986","routeId":"13905947","sequence":19,"travelTime":70,"dwellTime":2,"arrivalTim":0,"departureT":4,"passengerA":147456688,"passengerB":147456689}},
{"type":"Feature","geometry":{"type":"Point","coordinates":[-96.91252,19.550833]},"properties":{"id":"13905988","routeId":"13905947","sequence":20,"travelTime":319,"dwellTime":1,"arrivalTim":0,"departureT":0,"passengerA":147456720,"passengerB":147456721}},
{"type":"Feature","geometry":{"type":"Point","coordinates":[-96.91288,19.5514]},"properties":{"id":"13905990","routeId":"13905947","sequence":21,"travelTime":21,"dwellTime":1,"arrivalTim":0,"departureT":0,"passengerA":147456723,"passengerB":147456723}},
{"type":"Feature","geometry":{"type":"Point","coordinates":[-96.913864,19.553572]},"properties":{"id":"13905992","routeId":"13905947","sequence":22,"travelTime":32,"dwellTime":4,"arrivalTim":1,"departureT":0,"passengerA":147456726,"passengerB":147456726}},
{"type":"Feature","geometry":{"type":"Point","coordinates":[-96.915306,19.556362]},"properties":{"id":"13905994","routeId":"13905947","sequence":23,"travelTime":76,"dwellTime":2,"arrivalTim":0,"departureT":5,"passengerA":147456734,"passengerB":147456734}},
{"type":"Feature","geometry":{"type":"Point","coordinates":[-96.917496,19.558159]},"properties":{"id":"13905996","routeId":"13905947","sequence":24,"travelTime":67,"dwellTime":2,"arrivalTim":0,"departureT":2,"passengerA":147456741,"passengerB":147456741}},
{"type":"Feature","geometry":{"type":"Point","coordinates":[-96.92146,19.55987]},"properties":{"id":"13905998","routeId":"13905947","sequence":25,"travelTime":74,"dwellTime":1,"arrivalTim":2,"departureT":0,"passengerA":147456748,"passengerB":147456749}},
{"type":"Feature","geometry":{"type":"Point","coordinates":[-96.92235,19.560038]},"properties":{"id":"13906000","routeId":"13905947","sequence":26,"travelTime":55,"dwellTime":1,"arrivalTim":0,"departureT":4,"passengerA":147456754,"passengerB":147456754}},
{"type":"Feature","geometry":{"type":"Point","coordinates":[-96.92449,19.561066]},"properties":{"id":"13906002","routeId":"13905947","sequence":27,"travelTime":100,"dwellTime":1,"arrivalTim":0,"departureT":4,"passengerA":147456764,"passengerB":147456764}},
{"type":"Feature","geometry":{"type":"Point","coordinates":[-96.92853,19.563137]},"properties":{"id":"13906004","routeId":"13905947","sequence":28,"travelTime":223,"dwellTime":9,"arrivalTim":0,"departureT":0,"passengerA":147456787,"passengerB":147456787}},
{"type":"Feature","geometry":{"type":"Point","coordinates":[-96.929665,19.562382]},"properties":{"id":"13906006","routeId":"13905947","sequence":29,"travelTime":42,"dwellTime":0,"arrivalTim":0,"departureT":0,"passengerA":147456792,"passengerB":147456792}},
{"type":"Feature","geometry":{"type":"Point","coordinates":[-96.92886,19.560627]},"properties":{"id":"13906008","routeId":"13905947","sequence":30,"travelTime":76,"dwellTime":1,"arrivalTim":1,"departureT":0,"passengerA":147456799,"passengerB":147456799}},
{"type":"Feature","geometry":{"type":"Point","coordinates":[-96.92886,19.560627]},"properties":{"id":"13906010","routeId":"13905947","sequence":31,"travelTime":9,"dwellTime":1,"arrivalTim":0,"departureT":1,"passengerA":147456800,"passengerB":147456800}},
{"type":"Feature","geometry":{"type":"Point","coordinates":[-96.92886,19.560627]},"properties":{"id":"13906012","routeId":"13905947","sequence":32,"travelTime":69,"dwellTime":1,"arrivalTim":2,"departureT":4,"passengerA":147456807,"passengerB":147456807}},
{"type":"Feature","geometry":{"type":"Point","coordinates":[-96.928795,19.558205]},"properties":{"id":"13906014","routeId":"13905947","sequence":33,"travelTime":46,"dwellTime":3,"arrivalTim":0,"departureT":4,"passengerA":147456812,"passengerB":147456812}},
{"type":"Feature","geometry":{"type":"Point","coordinates":[-96.92932,19.553816]},"properties":{"id":"13906016","routeId":"13905947","sequence":34,"travelTime":110,"dwellTime":2,"arrivalTim":2,"departureT":3,"passengerA":147456823,"passengerB":147456823}},
{"type":"Feature","geometry":{"type":"Point","coordinates":[-96.9294,19.551624]},"properties":{"id":"13906018","routeId":"13905947","sequence":35,"travelTime":55,"dwellTime":1,"arrivalTim":1,"departureT":1,"passengerA":147456829,"passengerB":147456829}},
{"type":"Feature","geometry":{"type":"Point","coordinates":[-96.92982,19.548998]},"properties":{"id":"13906020","routeId":"13905947","sequence":36,"travelTime":59,"dwellTime":15,"arrivalTim":2,"departureT":2,"passengerA":147456835,"passengerB":147456836}},
{"type":"Feature","geometry":{"type":"Point","coordinates":[-96.92853,19.546585]},"properties":{"id":"13906022","routeId":"13905947","sequence":37,"travelTime":96,"dwellTime":1,"arrivalTim":0,"departureT":0,"passengerA":147456846,"passengerB":147456846}},
{"type":"Feature","geometry":{"type":"Point","coordinates":[-96.92731,19.542656]},"properties":{"id":"13906024","routeId":"13905947","sequence":38,"travelTime":153,"dwellTime":2,"arrivalTim":4,"departureT":2,"passengerA":147456861,"passengerB":147456862}},
{"type":"Feature","geometry":{"type":"Point","coordinates":[-96.92685,19.539974]},"properties":{"id":"13906026","routeId":"13905947","sequence":39,"travelTime":61,"dwellTime":1,"arrivalTim":0,"departureT":0,"passengerA":147456868,"passengerB":147456868}},
{"type":"Feature","geometry":{"type":"Point","coordinates":[-96.92875,19.538355]},"properties":{"id":"13906028","routeId":"13905947","sequence":40,"travelTime":33,"dwellTime":1,"arrivalTim":1,"departureT":0,"passengerA":147456871,"passengerB":147456871}},
{"type":"Feature","geometry":{"type":"Point","coordinates":[-96.9296,19.537537]},"properties":{"id":"13906030","routeId":"13905947","sequence":41,"travelTime":31,"dwellTime":0,"arrivalTim":0,"departureT":1,"passengerA":147456874,"passengerB":147456874}},
{"type":"Feature","geometry":{"type":"Point","coordinates":[-96.93131,19.536016]},"properties":{"id":"13906032","routeId":"13905947","sequence":42,"travelTime":117,"dwellTime":2,"arrivalTim":1,"departureT":0,"passengerA":147456886,"passengerB":147456886}},
{"type":"Feature","geometry":{"type":"Point","coordinates":[-96.93275,19.534954]},"properties":{"id":"13906034","routeId":"13905947","sequence":43,"travelTime":72,"dwellTime":1,"arrivalTim":2,"departureT":0,"passengerA":147456893,"passengerB":147456894}},
{"type":"Feature","geometry":{"type":"Point","coordinates":[-96.93417,19.532143]},"properties":{"id":"13906036","routeId":"13905947","sequence":44,"travelTime":85,"dwellTime":0,"arrivalTim":0,"departureT":0,"passengerA":147456902,"passengerB":147456902}},
{"type":"Feature","geometry":{"type":"Point","coordinates":[-96.93461,19.52964]},"properties":{"id":"13906038","routeId":"13905947","sequence":45,"travelTime":26,"dwellTime":0,"arrivalTim":0,"departureT":0,"passengerA":147456905,"passengerB":147456905}},
{"type":"Feature","geometry":{"type":"Point","coordinates":[-96.9343,19.526188]},"properties":{"id":"13906040","routeId":"13905947","sequence":46,"travelTime":135,"dwellTime":1,"arrivalTim":0,"departureT":0,"passengerA":147456918,"passengerB":147456918}},
{"type":"Feature","geometry":{"type":"Point","coordinates":[-96.93343,19.52533]},"properties":{"id":"13906042","routeId":"13905947","sequence":47,"travelTime":117,"dwellTime":1,"arrivalTim":4,"departureT":0,"passengerA":147456930,"passengerB":147456930}},
{"type":"Feature","geometry":{"type":"Point","coordinates":[-96.931175,19.523672]},"properties":{"id":"13906044","routeId":"13905947","sequence":48,"travelTime":105,"dwellTime":14,"arrivalTim":4,"departureT":1,"passengerA":147456941,"passengerB":147456942}},
{"type":"Feature","geometry":{"type":"Point","coordinates":[-96.93001,19.523077]},"properties":{"id":"13906046","routeId":"13905947","sequence":49,"travelTime":46,"dwellTime":0,"arrivalTim":0,"departureT":0,"passengerA":147456947,"passengerB":147456947}},
{"type":"Feature","geometry":{"type":"Point","coordinates":[-96.92821,19.522257]},"properties":{"id":"13906048","routeId":"13905947","sequence":50,"travelTime":56,"dwellTime":1,"arrivalTim":2,"departureT":1,"passengerA":147456952,"passengerB":147456952}},
{"type":"Feature","geometry":{"type":"Point","coordinates":[-96.927795,19.521887]},"properties":{"id":"13906050","routeId":"13905947","sequence":51,"travelTime":67,"dwellTime":2,"arrivalTim":0,"departureT":0,"passengerA":147456959,"passengerB":147456959}},
{"type":"Feature","geometry":{"type":"Point","coordinates":[-96.92687,19.521585]},"properties":{"id":"13906052","routeId":"13905947","sequence":52,"travelTime":56,"dwellTime":1,"arrivalTim":0,"departureT":1,"passengerA":147456965,"passengerB":147456965}},
{"type":"Feature","geometry":{"type":"Point","coordinates":[-96.92606,19.521748]},"properties":{"id":"13906054","routeId":"13905947","sequence":53,"travelTime":76,"dwellTime":1,"arrivalTim":0,"departureT":2,"passengerA":147456972,"passengerB":147456973}},
{"type":"Feature","geometry":{"type":"Point","coordinates":[-96.92544,19.522938]},"properties":{"id":"13906056","routeId":"13905947","sequence":54,"travelTime":68,"dwellTime":1,"arrivalTim":0,"departureT":1,"passengerA":147456979,"passengerB":147456979}},
{"type":"Feature","geometry":{"type":"Point","coordinates":[-96.92332,19.52011]},"properties":{"id":"13906058","routeId":"13905947","sequence":55,"travelTime":242,"dwellTime":1,"arrivalTim":0,"departureT":0,"passengerA":147457004,"passengerB":147457004}},
{"type":"Feature","geometry":{"type":"Point","coordinates":[-96.92242,19.519081]},"properties":{"id":"13906060","routeId":"13905947","sequence":56,"travelTime":55,"dwellTime":1,"arrivalTim":0,"departureT":0,"passengerA":147457009,"passengerB":147457009}},
{"type":"Feature","geometry":{"type":"Point","coordinates":[-96.919685,19.518314]},"properties":{"id":"13906062","routeId":"13905947","sequence":57,"travelTime":117,"dwellTime":2,"arrivalTim":1,"departureT":0,"passengerA":147457021,"passengerB":147457021}},
{"type":"Feature","geometry":{"type":"Point","coordinates":[-96.91822,19.519072]},"properties":{"id":"13906064","routeId":"13905947","sequence":58,"travelTime":233,"dwellTime":2,"arrivalTim":8,"departureT":6,"passengerA":147457045,"passengerB":147457045}},
{"type":"Feature","geometry":{"type":"Point","coordinates":[-96.91822,19.519072]},"properties":{"id":"13906066","routeId":"13905947","sequence":59,"travelTime":84,"dwellTime":1,"arrivalTim":0,"departureT":4,"passengerA":147457053,"passengerB":147457053}},
{"type":"Feature","geometry":{"type":"Point","coordinates":[-96.91812,19.51909]},"properties":{"id":"13906068","routeId":"13905947","sequence":60,"travelTime":14,"dwellTime":6,"arrivalTim":0,"departureT":3,"passengerA":147457055,"passengerB":147457055}},
{"type":"Feature","geometry":{"type":"Point","coordinates":[-96.91826,19.521065]},"properties":{"id":"13906070","routeId":"13905947","sequence":61,"travelTime":140,"dwellTime":2,"arrivalTim":2,"departureT":1,"passengerA":147457069,"passengerB":147457069}},
{"type":"Feature","geometry":{"type":"Point","coordinates":[-96.91826,19.521065]},"properties":{"id":"13906072","routeId":"13905947","sequence":62,"travelTime":36,"dwellTime":5,"arrivalTim":0,"departureT":3,"passengerA":147457073,"passengerB":147457074}},
{"type":"Feature","geometry":{"type":"Point","coordinates":[-96.916084,19.52132]},"properties":{"id":"13906074","routeId":"13905947","sequence":63,"travelTime":377,"dwellTime":1,"arrivalTim":0,"departureT":7,"passengerA":147457111,"passengerB":147457111}},
{"type":"Feature","geometry":{"type":"Point","coordinates":[-96.91322,19.51754]},"properties":{"id":"13906076","routeId":"13905947","sequence":64,"travelTime":113,"dwellTime":2,"arrivalTim":2,"departureT":0,"passengerA":147457123,"passengerB":147457123}},
{"type":"Feature","geometry":{"type":"Point","coordinates":[-96.91116,19.515484]},"properties":{"id":"13906078","routeId":"13905947","sequence":65,"travelTime":58,"dwellTime":1,"arrivalTim":0,"departureT":1,"passengerA":147457129,"passengerB":147457129}},
{"type":"Feature","geometry":{"type":"Point","coordinates":[-96.90919,19.514235]},"properties":{"id":"13906080","routeId":"13905947","sequence":66,"travelTime":63,"dwellTime":2,"arrivalTim":1,"departureT":0,"passengerA":147457135,"passengerB":147457135}},
{"type":"Feature","geometry":{"type":"Point","coordinates":[-96.90706,19.512953]},"properties":{"id":"13906082","routeId":"13905947","sequence":67,"travelTime":41,"dwellTime":1,"arrivalTim":0,"departureT":0,"passengerA":147457139,"passengerB":147457139}},
{"type":"Feature","geometry":{"type":"Point","coordinates":[-96.90403,19.512663]},"properties":{"id":"13906084","routeId":"13905947","sequence":68,"travelTime":72,"dwellTime":2,"arrivalTim":2,"departureT":0,"passengerA":147457147,"passengerB":147457147}},
{"type":"Feature","geometry":{"type":"Point","coordinates":[-96.90135,19.512321]},"properties":{"id":"13906086","routeId":"13905947","sequence":69,"travelTime":87,"dwellTime":2,"arrivalTim":2,"departureT":0,"passengerA":147457156,"passengerB":147457156}},
{"type":"Feature","geometry":{"type":"Point","coordinates":[-96.90034,19.508873]},"properties":{"id":"13906088","routeId":"13905947","sequence":70,"travelTime":64,"dwellTime":1,"arrivalTim":0,"departureT":1,"passengerA":147457162,"passengerB":147457162}},
{"type":"Feature","geometry":{"type":"Point","coordinates":[-96.90132,19.508102]},"properties":{"id":"13906090","routeId":"13905947","sequence":71,"travelTime":64,"dwellTime":1,"arrivalTim":0,"departureT":0,"passengerA":147457169,"passengerB":147457169}},
{"type":"Feature","geometry":{"type":"Point","coordinates":[-96.89624,19.505621]},"properties":{"id":"13906092","routeId":"13905947","sequence":72,"travelTime":78,"dwellTime":3,"arrivalTim":3,"departureT":0,"passengerA":147457177,"passengerB":147457177}},
{"type":"Feature","geometry":{"type":"Point","coordinates":[-96.89347,19.50522]},"properties":{"id":"13906094","routeId":"13905947","sequence":73,"travelTime":47,"dwellTime":0,"arrivalTim":2,"departureT":0,"passengerA":147457182,"passengerB":147457182}},
{"type":"Feature","geometry":{"type":"Point","coordinates":[-96.89182,19.505545]},"properties":{"id":"13906096","routeId":"13905947","sequence":74,"travelTime":47,"dwellTime":1,"arrivalTim":0,"departureT":2,"passengerA":147457186,"passengerB":147457186}},
{"type":"Feature","geometry":{"type":"Point","coordinates":[-96.890656,19.504734]},"properties":{"id":"13906098","routeId":"13905947","sequence":75,"travelTime":56,"dwellTime":1,"arrivalTim":4,"departureT":0,"passengerA":147457192,"passengerB":147457192}},
{"type":"Feature","geometry":{"type":"Point","coordinates":[-96.88962,19.505827]},"properties":{"id":"13906100","routeId":"13905947","sequence":76,"travelTime":54,"dwellTime":2,"arrivalTim":1,"departureT":0,"passengerA":147457197,"passengerB":147457198}},
{"type":"Feature","geometry":{"type":"Point","coordinates":[-96.88677,19.50636]},"properties":{"id":"13906102","routeId":"13905947","sequence":77,"travelTime":68,"dwellTime":2,"arrivalTim":0,"departureT":4,"passengerA":147457204,"passengerB":147457205}},
{"type":"Feature","geometry":{"type":"Point","coordinates":[-96.88157,19.507298]},"properties":{"id":"13906104","routeId":"13905947","sequence":78,"travelTime":58,"dwellTime":1,"arrivalTim":0,"departureT":0,"passengerA":147457210,"passengerB":147457211}},
{"type":"Feature","geometry":{"type":"Point","coordinates":[-96.87832,19.503601]},"properties":{"id":"13906106","routeId":"13905947","sequence":79,"travelTime":87,"dwellTime":2,"arrivalTim":0,"departureT":0,"passengerA":147457219,"passengerB":147457219}},
{"type":"Feature","geometry":{"type":"Point","coordinates":[-96.87885,19.50605]},"properties":{"id":"13906108","routeId":"13905947","sequence":80,"travelTime":189,"dwellTime":1,"arrivalTim":1,"departureT":5,"passengerA":147457238,"passengerB":147457238}},
{"type":"Feature","geometry":{"type":"Point","coordinates":[-96.876976,19.506653]},"properties":{"id":"13906110","routeId":"13905947","sequence":81,"travelTime":73,"dwellTime":2,"arrivalTim":1,"departureT":0,"passengerA":147457246,"passengerB":147457246}},
{"type":"Feature","geometry":{"type":"Point","coordinates":[-96.87455,19.508371]},"properties":{"id":"13906112","routeId":"13905947","sequence":82,"travelTime":47,"dwellTime":1,"arrivalTim":0,"departureT":1,"passengerA":147457251,"passengerB":147457251}},
{"type":"Feature","geometry":{"type":"Point","coordinates":[-96.87288,19.508608]},"properties":{"id":"13906114","routeId":"13905947","sequence":83,"travelTime":28,"dwellTime":4,"arrivalTim":1,"departureT":0,"passengerA":147457254,"passengerB":147457254}},
{"type":"Feature","geometry":{"type":"Point","coordinates":[-96.869484,19.507565]},"properties":{"id":"13906116","routeId":"13905947","sequence":84,"travelTime":51,"dwellTime":5,"arrivalTim":1,"departureT":0,"passengerA":147457259,"passengerB":147457260}},
{"type":"Feature","geometry":{"type":"Point","coordinates":[-96.86665,19.506824]},"properties":{"id":"13906118","routeId":"13905947","sequence":85,"travelTime":57,"dwellTime":2,"arrivalTim":1,"departureT":0,"passengerA":147457265,"passengerB":147457265}},
{"type":"Feature","geometry":{"type":"Point","coordinates":[-96.865425,19.506756]},"properties":{"id":"13906120","routeId":"13905947","sequence":86,"travelTime":170,"dwellTime":1,"arrivalTim":9,"departureT":0,"passengerA":147457282,"passengerB":147457283}},
{"type":"Feature","geometry":{"type":"Point","coordinates":[-96.86493,19.506817]},"properties":{"id":"13906122","routeId":"13905947","sequence":87,"travelTime":56,"dwellTime":1,"arrivalTim":0,"departureT":0,"passengerA":147457288,"passengerB":147457288}},
{"type":"Feature","geometry":{"type":"Point","coordinates":[-96.86407,19.506426]},"properties":{"id":"13906124","routeId":"13905947","sequence":88,"travelTime":130,"dwellTime":1,"arrivalTim":1,"departureT":2,"passengerA":147457301,"passengerB":147457301}},
{"type":"Feature","geometry":{"type":"Point","coordinates":[-96.86214,19.504353]},"properties":{"id":"13906126","routeId":"13905947","sequence":89,"travelTime":62,"dwellTime":1,"arrivalTim":0,"departureT":0,"passengerA":147457308,"passengerB":147457308}},
{"type":"Feature","geometry":{"type":"Point","coordinates":[-96.85994,19.500153]},"properties":{"id":"13906128","routeId":"13905947","sequence":90,"travelTime":103,"dwellTime":5,"arrivalTim":5,"departureT":0,"passengerA":147457318,"passengerB":147457318}},
{"type":"Feature","geometry":{"type":"Point","coordinates":[-96.85597,19.498188]},"properties":{"id":"13906130","routeId":"13905947","sequence":91,"travelTime":61,"dwellTime":3,"arrivalTim":0,"departureT":0,"passengerA":147457325,"passengerB":147457325}},
{"type":"Feature","geometry":{"type":"Point","coordinates":[-96.85339,19.497213]},"properties":{"id":"13906132","routeId":"13905947","sequence":92,"travelTime":76,"dwellTime":0,"arrivalTim":4,"departureT":0,"passengerA":147457332,"passengerB":147457332}},
{"type":"Feature","geometry":{"type":"Point","coordinates":[-96.85146,19.495853]},"properties":{"id":"13906134","routeId":"13905947","sequence":93,"travelTime":71,"dwellTime":1,"arrivalTim":1,"departureT":0,"passengerA":147457340,"passengerB":147457340}},
{"type":"Feature","geometry":{"type":"Point","coordinates":[-96.85133,19.495628]},"properties":{"id":"13906136","routeId":"13905947","sequence":94,"travelTime":54,"dwellTime":0,"arrivalTim":5,"departureT":0,"passengerA":147457345,"passengerB":147457345}},
{"type":"Feature","geometry":{"type":"Point","coordinates":[-96.8506,19.495306]},"properties":{"id":"13906138","routeId":"13905947","sequence":95,"travelTime":44,"dwellTime":1,"arrivalTim":3,"departureT":0,"passengerA":147457349,"passengerB":147457350}}
]}